{
  "1428716509965844551": {
    "logChannel": null,
    "staffRoles": [],
    "categories": {},
    "enabledCategories": [
      "support",
      "general",
      "report",
      "purchases",
      "billing",
      "refund",
      "redeemGiveaways",
      "redeemPurchases",
      "bugReport",
      "featureRequest",
      "appeal",
      "complaint",
      "feedback",
      "partnership"
    ],
    "customCategories": {},
    "ticketCounter": 1,
    "cooldownEnabled": true,
    "panelMessageId": "1430986026188275855",
    "panelChannelId": "1428716511362551890",
    "panelImage": null,
    "statusOnline": true,
    "language": "en",
    "slaEnabled": true,
    "slaTimeMinutes": 5,
    "voiceTicketsEnabled": true,
    "multiTicketsEnabled": true,
    "maxTicketsPerUser": 3,
    "staffAlertsEnabled": true,
    "queueEnabled": true,
    "ticketCooldownMs": 60000
  },
  "1322253007726841927": {
    "logChannel": null,
    "staffRoles": [
      "1431014603999150162"
    ],
    "categories": {},
    "enabledCategories": [
      "support",
      "general",
      "report"
    ],
    "customCategories": {},
    "ticketCounter": 0,
    "cooldownEnabled": true,
    "panelMessageId": "1432163306998726666",
    "panelChannelId": "1431027362765602959",
    "panelImage": null,
    "statusOnline": true,
    "language": "en",
    "slaEnabled": true,
    "slaTimeMinutes": 30,
    "voiceTicketsEnabled": true,
    "multiTicketsEnabled": true,
    "maxTicketsPerUser": 3,
    "staffAlertsEnabled": true,
    "queueEnabled": true
  },
  "1425993141600915548": {
    "logChannel": null,
    "staffRoles": [
      "1431009923264679988"
    ],
    "categories": {},
    "enabledCategories": [
      "support",
      "general",
      "report",
      "purchases",
      "billing",
      "refund",
      "redeemGiveaways",
      "redeemPurchases",
      "complaint",
      "partnership"
    ],
    "customCategories": {},
    "ticketCounter": 2,
    "cooldownEnabled": true,
    "panelMessageId": "1432163543972843712",
    "panelChannelId": "1425993143471308914",
    "panelImage": null,
    "statusOnline": true,
    "language": "en",
    "slaEnabled": true,
    "slaTimeMinutes": 30,
    "voiceTicketsEnabled": true,
    "multiTicketsEnabled": true,
    "maxTicketsPerUser": 3,
    "staffAlertsEnabled": true,
    "queueEnabled": true
  },
  "1431998865229484072": {
    "logChannel": null,
    "staffRoles": [],
    "categories": {},
    "enabledCategories": [
      "support",
      "general",
      "report",
      "bugReport",
      "appeal",
      "complaint",
      "partnership"
    ],
    "customCategories": {},
    "ticketCounter": 0,
    "cooldownEnabled": true,
    "panelMessageId": "1432162249681928362",
    "panelChannelId": "1432016091336544358",
    "panelImage": null,
    "statusOnline": true,
    "language": "en",
    "slaEnabled": true,
    "slaTimeMinutes": 30,
    "voiceTicketsEnabled": true,
    "multiTicketsEnabled": true,
    "maxTicketsPerUser": 3,
    "staffAlertsEnabled": true,
    "queueEnabled": true
  }
}