{
  "1428716509965844551_1431001111963107460": {
    "userId": "930211130654195763",
    "username": "codewizard1906",
    "type": "support",
    "priority": "urgent",
    "reason": "gh",
    "description": "hh",
    "extra": "N/A",
    "claimed": null,
    "tags": [],
    "createdAt": 1761247651961,
    "status": "open"
  },
  "1428716509965844551_1431004309855797270": {
    "userId": "930211130654195763",
    "username": "codewizard1906",
    "type": "general",
    "priority": "urgent",
    "reason": "testing",
    "description": "testing",
    "extra": "N/A",
    "claimed": "930211130654195763",
    "tags": [],
    "createdAt": 1761248414450,
    "status": "closed",
    "claimedAt": 1761248525157,
    "closedAt": 1761248630568,
    "closedBy": "930211130654195763"
  },
  "1428716509965844551_1431005556109349015": {
    "userId": "930211130654195763",
    "username": "codewizard1906",
    "type": "report",
    "priority": "urgent",
    "reason": "test",
    "description": "test",
    "extra": "ye",
    "claimed": null,
    "tags": [],
    "createdAt": 1761248711572,
    "status": "closed",
    "closedAt": 1761248791444,
    "closedBy": "930211130654195763"
  },
  "1425993141600915548_1432166351501393981": {
    "userId": "930211130654195763",
    "username": "codewizard1906",
    "type": "support",
    "priority": "urgent",
    "reason": "testing",
    "description": "testing",
    "extra": "N/A",
    "claimed": null,
    "tags": [],
    "createdAt": 1761525466851,
    "status": "closed",
    "closedAt": 1761526183033,
    "closedBy": "930211130654195763"
  },
  "1425993141600915548_1432167760200335380": {
    "userId": "1225039083374383104",
    "username": "williamvelkorious",
    "type": "support",
    "priority": "high",
    "reason": "Test",
    "description": "Test",
    "extra": "N/A",
    "claimed": null,
    "tags": [],
    "createdAt": 1761525802705,
    "status": "open"
  },
  "1425993141600915548_1432169105598976060": {
    "userId": "930211130654195763",
    "username": "codewizard1906",
    "type": "support",
    "priority": "urgent",
    "reason": "Testing",
    "description": "Testing the create voice channel button working now",
    "extra": "N/A",
    "claimed": null,
    "tags": [],
    "createdAt": 1761526123568,
    "status": "open"
  }
}